log10_gap_s,gap_s,density
-1.4218487496163592,0.037857440668811346,0.03071367925816381
-1.4154815615385692,0.038416556901449794,0.03201427105748157
-1.4091143734607794,0.03898393071717036,0.033351745200874645
-1.4027471853829894,0.03955968407215031,0.03472658111271438
-1.3963799973051996,0.040143940723736615,0.03613927520928386
-1.3900128092274096,0.04073682625704759,0.03759034402775818
-1.3836456211496195,0.04133846811196706,0.0390803274244183
-1.3772784330718297,0.041948995610537464,0.04060979182015719
-1.3709112449940397,0.042568539984757486,0.042179333469943056
-1.36454405691625,0.04319723440479006,0.04378958173164026
-1.35817686883846,0.04383521400758724,0.0454412023084706
-1.3518096807606699,0.04448261592593757,0.047134900438425394
-1.34544249268288,0.04513957931794262,0.048871424003143794
-1.33907530460509,0.04580624539692891,0.050651566528144606
-1.3327081165273003,0.04648275746180131,0.05247617004585862
-1.3263409284495102,0.04716926092784518,0.0543461277926641
-1.3199737403717202,0.047865903357982936,0.056262386711071734
-1.3136065522939304,0.048572834494492616,0.05822594972835759
-1.3072393642161404,0.0492902062911948,0.06023787778329258
-1.3008721761383506,0.050018172946114714,0.06229929157316768
-1.2945049880605606,0.05075689093462706,0.06441137299406956
-1.2881377999827706,0.05150651904309001,0.0665753662483056
-1.2817706119049808,0.052267218402976136,0.06879257859401695
-1.2754034238271907,0.053039152525507526,0.07106438071334019
-1.269036235749401,0.05382248733680204,0.07339220667696977
-1.262669047671611,0.05461739121353915,0.07577755348463464
-1.2563018595938211,0.05542403501915201,0.07822198016281015
-1.249934671516031,0.056242592140554555,0.08072710640293967
-1.243567483438241,0.057073238525410526,0.08329461072550665
-1.2372002953604513,0.0579161527199533,0.08592622815749255
-1.2308331072826613,0.05877151590736419,0.08862374741302907
-1.2244659192048712,0.05963951194671736,0.09138900756941352
-1.2180987311270814,0.060520327412500144,0.09422389423308407
-1.2117315430492914,0.061414151634717036,0.09713033519261689
-1.2053643549715016,0.062321176739585704,0.10011029555831367
-1.1989971668937116,0.0632415976908345,0.10316577239047037
-1.1926299788159218,0.06417561233160933,0.10629878882093508
-1.1862627907381318,0.06512342142700007,0.1095113876750822
-1.1798956026603418,0.06608522870719447,0.11280562460381031
-1.173528414582552,0.06706124091126975,0.11618356073762756
-1.167161226504762,0.06805166783163097,0.119647254877292
-1.160794038426972,0.06905672235910541,0.12319875523782099
-1.1544268503491821,0.0700766205287033,0.12684009076497377
-1.1480596622713921,0.07111158156605418,0.1305732620455236
-1.1416924741936023,0.07216182793452906,0.13440023183477337
-1.1353252861158123,0.07322758538305879,0.13832291522683987
-1.1289580980380225,0.07430908299465816,0.14234316949519513
-1.1225909099602325,0.07540655323566733,0.14646278363286974
-1.1162237218824425,0.07652023200571982,0.15068346762352164
-1.1098565338046527,0.0776503586884489,0.155006841476319
-1.1034893457268626,0.07879717620294288,0.15943442405923713
-1.0971221576490726,0.07996093105596001,0.1639676217669443
-1.0907549695712828,0.08114187339491483,0.16860771706096553
-1.0843877814934928,0.08234025706164713,0.17335585692124086
-1.078020593415703,0.0835563396469846,0.17821304124956475
-1.071653405337913,0.08479038254611192,0.18318011126670974
-1.0652862172601232,0.08604265101475697,0.1882577379462679
-1.0589190291823332,0.08731341422620746,0.19344641052944697
-1.0525518411045431,0.08860294532916911,0.19874642516618227
-1.0461846530267533,0.08991152150647859,0.20415787372900718
-1.0398174649489633,0.0912394240346838,0.20968063284714197
-1.0334502768711733,0.0925869383445035,0.21531435320922243
-1.0270830887933835,0.09395435408218049,0.22105844918398612
-1.0207159007155935,0.09534196517174062,0.22691208880906658
-1.0143487126378037,0.09675006987817115,0.2328741841987862
-1.0079815245600137,0.09817897087153267,0.23894338242251678
-1.0016143364822239,0.09962897529201725,0.24511805690572697
-0.9952471484044338,0.10110039481596815,0.2513962994063039
-0.9888799603266438,0.10259354572287384,0.2577759126190498
-0.982512772248854,0.10410874896335195,0.2642544034614467
-0.976145584171064,0.10564633022813741,0.2708289770937905
-0.9697783960932741,0.10720662001808869,0.2774965317266361
-0.9634112080154842,0.10878995371522887,0.2842536542681202
-0.9570440199376942,0.11039667165483542,0.29109661686313154
-0.9506768318599044,0.11202711919859462,0.29802137437543985
-0.9443096437821143,0.11368164680883687,0.3050235628627811
-0.9379424557043244,0.1153606101238677,0.3120984990934573
-0.9315752676265345,0.11706437003441195,0.31924118115128053
-0.9252080795487446,0.11879329276118664,0.32644629017358706
-0.9188408914709547,0.12054774993361955,0.3337081932646082
-0.9124737033931647,0.1223281186697305,0.34102094762364143
-0.9061065153153748,0.12413478165719218,0.34837830592424057
-0.8997393272375849,0.12596812723558842,0.3557737229769872
-0.893372139159795,0.1278285494798873,0.3632003637043441
-0.887004951082005,0.12971644828514678,0.37065111245158927
-0.880637763004215,0.13163222945247177,0.3781185836528844
-0.8742705749264251,0.13357630477624022,0.38559513386618083
-0.8679033868486352,0.13554909213261804,0.3930728751848547
-0.8615361987708453,0.13755101556938082,0.4005436900277561
-0.8551690106930554,0.13958250539706224,0.40799924730275006
-0.8488018226152654,0.1416439982814488,0.41543101993182324
-0.8424346345374755,0.14373593733744036,0.42283030371850144
-0.8360674464596856,0.14585877222429716,0.4301882375306401
-0.8297002583818957,0.1480129592422934,0.4374958247637197
-0.8233330703041057,0.15019896143079836,0.44474395604157885
-0.8169658822263157,0.15241724866780593,0.45192343310314886
-0.8105986941485258,0.1546682977709342,0.4590249938152378
-0.8042315060707359,0.15695259259991687,0.46603933824282073
-0.797864317992946,0.1592706241606081,0.4729571556996827
-0.7914971299151561,0.16162289071052352,0.47976915269370923
-0.7851299418373661,0.1640098978659399,0.4864660816726834
-0.7787627537595762,0.1664321587105766,0.4930387704682027
-0.7723955656817862,0.16889019390588242,0.49947815232736464
-0.7660283776039963,0.17138453180295074,0.5057752964142436
-0.7596611895262064,0.173915708556088,0.5119214386559688
-0.7532940014484164,0.1764842682380592,0.5179080128015314
-0.7469268133706265,0.1790907629570355,0.5237266815553019
-0.7405596252928366,0.18173575297526923,0.5293693676417879
-0.7341924372150467,0.18441980682952128,0.5348282846533897
-0.7278252491372568,0.18714350145326744,0.5400959675289835
-0.7214580610594669,0.18990742230070917,0.5451653025080309
-0.7150908729816768,0.19271216347261644,0.5500295564027662
-0.7087236849038869,0.19555832784402835,0.5546824050297638
-0.702356496826097,0.19844652719384084,0.5591179606420392
-0.6959893087483071,0.20137738233630723,0.5633307982036524
-0.6896221206705172,0.20435152325448147,0.5673159803507747
-0.6832549325927272,0.20736958923563226,0.5710690808862253
-0.6768877445149373,0.2104322290086565,0.5745862066586812
-0.6705205564371474,0.21354010088352307,0.5778640176830777
-0.6641533683593575,0.2166938728927754,0.5808997453651843
-0.6577861802815675,0.219894222935124,0.5836912087008738
-0.6514189922037775,0.22314183892116013,0.5862368283292623
-0.6450518041259876,0.22643741892122063,0.5885356383285761
-0.6386846160481977,0.22978167131543772,0.5905872956543103
-0.6323174279704078,0.23317531494600396,0.5923920871308566
-0.6259502398926179,0.23661907927168638,0.5939509339203167
-0.6195830518148279,0.2401137045246226,0.5952653934055351
-0.613215863737038,0.24365994186943257,0.5963376584384144
-0.606848675659248,0.24725855356468046,0.5971705539192634
-0.6004814875814581,0.25091031312672096,0.5977675306881114
-0.5941142995036682,0.2546160054959655,0.5981326567245435
-0.5877471114258782,0.25837642720560416,0.5982706056685364
-0.5813799233480883,0.26219238655281885,0.5981866426908911
-0.5750127352702984,0.26606470377252633,0.5978866077580333
-0.5686455471925085,0.26999421121368605,0.5973768963520927
-0.5622783591147186,0.27398175351821247,0.5966644377231047
-0.5559111710369286,0.2780281878025295,0.5957566707658221
-0.5495439829591386,0.28213438384180667,0.5946615176288308
-0.5431767948813487,0.2863012242569158,0.5933873551782877
-0.5368096068035588,0.2905296047041491,0.5919429844525989
-0.5304424187257689,0.29482043406773956,0.5903375982574812
-0.5240752306479789,0.29917463465522376,0.5885807470631446
-0.517708042570189,0.30359314239569063,0.5866823033765646
-0.5113408544923991,0.3080769070409585,0.5846524247719543
-0.5049736664146092,0.31262689236972246,0.5825015157714776
-0.49860647833681926,0.3172440763947172,0.5802401887759135
-0.49223929025902924,0.3219294515729397,0.5778792242512865
-0.48587210218123933,0.3266840250189758,0.5754295303823743
-0.4795049141034494,0.3315088187214791,0.5729021024074683
-0.4731377260256595,0.3364048697628447,0.5703079818507096
-0.4667705379478696,0.34137323054212954,0.567658215868778
-0.4604033498700797,0.3464149690012635,0.564963816927648
-0.45403616179228967,0.3515311688546022,0.5622357230225207
-0.44766897371449976,0.3567229298218695,0.5594847586499742
-0.44130178563670985,0.3619913678645411,0.5567215967357985
-0.43493459755891994,0.36733761542571863,0.5539567217149942
-0.42856740948113003,0.3727628216735467,0.5512003939520534
-0.42220022140334,0.37826815274822484,0.5484626156799608
-0.4158330333255502,0.38385479201266737,0.5457530986254392
-0.4094658452477602,0.3895239403068665,0.5430812334759125
-0.4030986571699702,0.39527681620600996,0.5404560613305495
-0.3967314690921804,0.40111465628241244,0.5378862472637058
-0.39036428101439036,0.4070387153713157,0.535380056114196
-0.38399709293660056,0.41305026684061213,0.5329453305982478
-0.37762990485881054,0.41915060286455497,0.5305894718278092
-0.3712627167810205,0.4253410347015078,0.5283194222992663
-0.3648955287032307,0.4316228929757984,0.5261416514006688
-0.3585283406254407,0.4379975279637349,0.5240621434684607
-0.3521611525476509,0.4444663098838445,0.52208638840751
-0.3457939644698609,0.4510306291914014,0.5202193748711786
-0.33942677639207086,0.45769189687730183,0.5184655859813008
-0.33305958831428106,0.464451544771355,0.5168289975514472
-0.32669240023649104,0.4713110258500536,0.5153130787608334
-0.32032521215870124,0.4782718145488874,0.513920795210838
-0.3139580240809112,0.48533540707927286,0.5126546142814024
-0.3075908360031212,0.49250332175016,0.5115165126907539
-0.3012236479253314,0.49977709929439107,0.5105079861489739
-0.2948564598475414,0.5071583031998801,0.5096300609840674
-0.2884892717697516,0.5146485200456804,0.508883307608405
-0.28212208369196157,0.5222493598430191,0.5082678556838497
-0.27575489561417155,0.5299624563813657,0.5077834108355163
-0.26938770753638175,0.5377894675796127,0.5074292727570998
-0.26302051945859173,0.545732075842444,0.5072043545449798
-0.25665333138080193,0.5537919884219638,0.5071072030939833
-0.2502861433030119,0.5619709377846694,0.5071360203847095
-0.2439189552252219,0.5702706819838413,0.5072886854907497
-0.2375517671474321,0.5786930050374341,0.5075627771339049
-0.23118457906964207,0.5872397173115502,0.5079555966166568
-0.22481739099185227,0.595912655909573,0.5084641909635963
-0.21845020291406225,0.6047136850670517,0.5090853761072494
-0.21208301483627223,0.6136446965524147,0.5098157599587009
-0.20571582675848243,0.6227076100736026,0.5106517652095314
-0.1993486386806924,0.6319043736907078,0.5115896517188018
-0.19298145060290262,0.6412369642347052,0.5126255383470286
-0.1866142625251126,0.6507073877323717,0.5137554241082455
-0.18024707444732257,0.6603176798374759,0.5149752085212095
-0.17387988636953278,0.6700699062683406,0.5162807110515267
-0.16751269829174276,0.6799661632518669,0.5176676895477738
-0.16114551021395296,0.6900085779741119,0.5191318575865647
-0.15477832213616294,0.7001993090375283,0.5206689006537278
-0.14841113405837292,0.7105405469249493,0.5222744911013413
-0.14204394598058312,0.7210345144704315,0.5239443018330519
-0.1356767579027931,0.7316834673370506,0.5256740186829406
-0.1293095698250033,0.7424896945017502,0.5274593514659071
-0.12294238174721328,0.7534555187473574,0.5292960436901667
-0.11657519366942326,0.7645832971618589,0.5311798809347738
-0.11020800559163346,0.7758754216450544,0.5331066979070662
-0.10384081751384344,0.7873343194226936,0.5350723842064403
-0.09747362943605364,0.7989624535682018,0.5370728888318317
-0.09110644135826362,0.8107623235321174,0.53910422348061
-0.0847392532804736,0.822736465679342,0.5411624646962114
-0.0783720652026838,0.83488745383433,0.5432437549306733
-0.07200487712489378,0.8472178998343294,0.5453443025962175
-0.06563768904710399,0.8597304540907892,0.5474603811871303
-0.059270500969313966,0.8724278061590656,0.5495883275593223
-0.05290331289152417,0.8853126853165341,0.5517245394601216
-0.04653612481373415,0.898387861149247,0.5538654724050255
-0.04016893673594413,0.9116561441472495,0.5560076360012541
-0.03380174865815433,0.9251203863086912,0.558147589820068
-0.02743456058036431,0.9387834817528603,0.5602819389208925
-0.02106737250257451,0.9526483673422677,0.5624073291303495
-0.01470018442478449,0.9667180233139242,0.5645204421783506
-0.00833299634699447,0.9809954739199358,0.5666179907915239
-0.001965808269204672,0.9954837880775628,0.5686967138413838
0.004401379808585348,1.010186080028881,0.5707533716409524
0.010768567886375147,1.0251055100101805,0.572784741478968
0.017135755964165167,1.040245284931257,0.5747876134754896
0.023502944041955187,1.0556086590647291,0.5767587868366654
0.029870132119744985,1.0711989347455415,0.5786950665797449
0.036237320197535006,1.0870194630807988,0.5805932607921701
0.042604508275324804,1.1030736446700757,0.5824501784808478
0.048971696353114824,1.119364930336378,0.584262628059576
0.055338884430904844,1.1358968218678855,0.5860274165141324
0.06170607250869464,1.1526728727706599,0.5877413492758682
0.06807326058648466,1.1696966890324658,0.5894012308258049
0.07444044866427446,1.1869719298978703,0.591003866042369
0.08080763674206448,1.2045023086547955,0.5925460622970322
0.0871748248198545,1.2222915934326808,0.5940246322933901
0.0935420128976443,1.2403436080124386,0.5954363976366889
0.09990920097543432,1.2586622326483725,0.5967781931125226
0.10627638905322412,1.2772514049022274,0.5980468716455372
0.11264357713101414,1.2961151204895687,0.5992393099014786
0.11901076520880416,1.3152574341386494,0.6003524144889242
0.12537795328659396,1.334682460461972,0.6013831287106018
0.13174514136438398,1.3543943748407192,0.6023284398083375
0.13811232944217378,1.3743974143222415,0.603185386640495
0.1444795175199638,1.3946958785308101,0.6039510677262518
0.15084670559775382,1.4152941305918096,0.6046226495872867
0.15721389367554361,1.4361965980695885,0.6051973753144034
0.16358108175333363,1.4574077739191587,0.6056725732843684
0.16994826983112343,1.4789322174519448,0.6060456659507258
0.17631545790891345,1.5007745553158087,0.6063141786316487
0.18268264598670347,1.5229394824895335,0.6064757482179405
0.18904983406449327,1.5454317632920065,0.6065281317251
0.1954170221422833,1.5682562324063036,0.6064692146149325
0.2017842102200731,1.5914177959188927,0.6062970188144282
0.2081513982978631,1.6149214323741958,0.6060097103625716
0.21451858637565313,1.6387721938447148,0.6056056066193096
0.22088577445344293,1.662975207016969,0.6050831829750569
0.22725296253123295,1.6875356742934713,0.6044410790038133
0.23362015060902275,1.712458874910972,0.6036781040081188
0.23998733868681277,1.737750166075229,0.6027932419096853
0.2463545267646028,1.7634149841125262,0.601785655445457
0.2527217148423926,1.7894588456382057,0.6006546896351161
0.2590889029201826,1.8158873487424592,0.5993998744924729
0.2654560909979724,1.8427061741936237,0.5980209269598135
0.2718232790757624,1.8699210866592606,0.5965177520509607
0.27819046715355245,1.897537935945257,0.5948904431955068
0.28455765523134224,1.9255626582532355,0.593139281783336
0.29092484330913226,1.954001277456535,0.5912647359150982
0.29729203138692206,1.982859906395026,0.589267458370639
0.3036592194647121,2.0121447481890664,0.5871482838135117
0.3100264075425021,2.041862097572844,0.5849082252555184
0.3163935956202919,2.072018342247426,0.5825484698106838
0.3227607836980819,2.102619964253785,0.5800703737731426
0.3291279717758717,2.1336735413661025,0.5774754570580611
0.33549515985366174,2.1651857485056563,0.5747653970488472
0.34186234793145176,2.197163359175579,0.5719420218975907
0.34822953600924156,2.229613246916815,0.5690073033287704
0.3545967240870316,2.262542386785584,0.5659633489988526
0.3609639121648214,2.2959578568526475,0.5628123944664424
0.3673311002426114,2.329866839724743,0.5595567948290755
0.3736982883204014,2.364276624088464,0.5561990160836686
0.3800654763981912,2.399194606276956,0.5527416262679741
0.38643266447598124,2.4346282918597524,0.5491872864401882
0.39279985255377103,2.470585297256079,0.5455387415531644
0.39916704063156105,2.5070733513719974,0.5417988112784629
0.4055342287093511,2.5441002972617173,0.5379703808337946
0.4119014167871409,2.5816740938134517,0.5340563918653226
0.4182686048649309,2.619802817460173,0.5300598334337842
0.4246357929427207,2.6584946639156204,0.5259837331505479
0.4310029810205107,2.697757949935969,0.5218311485065706
0.43737016909830073,2.737601115107493,0.5176051584338104
0.44373735717609053,2.7780327236606475,0.5133088551350203
0.45010454525388055,2.8190614663109423,0.5089453362140702
0.45647173333167035,2.8606961621269873,0.504517697135046
0.46283892140946037,2.9029457604261513,0.5000290240344026
0.4692061094872504,2.945819342698193,0.4954823869064923
0.4755732975650402,2.98932612455732,0.49088083317881936
0.4819404856428302,3.0334754577230756,0.48622738168952456
0.48830767372062,3.0782768320304665,0.48152501707583584
0.49467486179841,3.1237398774698013,0.47677668457863365
0.5010420498761998,3.1698743662566304,0.4719852852648743
0.5074092379539898,3.216690214932284,0.46715367166642785
0.5137764260317799,3.264197486495403,0.4622846438309655
0.5201436141095697,3.3124063925649754,0.457380945777861
0.5265108021873597,3.3613272955753106,0.45244526234970806
0.5328779902651495,3.410970711003419,0.44748021644798874
0.5392451783429395,3.4613473096293137,0.4424883666396666
0.5456123664207295,3.512467919829663,0.4374722051200459
0.5519795544985193,3.564343529905344,0.43243415601610635
0.5583467425763093,3.616985290443365,0.4273765740137011
0.5647139306540991,3.670404516713655,0.4223017432914899
0.5710811187318892,3.7246126911012793,0.4172118767442281
0.5774483068096792,3.779621465574551,0.41210911547807294
0.583815494887469,3.8354426641896056,0.4069955285608188
0.5901826829652588,3.8920882856319734,0.4018731130104739
0.596549871043049,3.9495705057956743,0.3967437940062653
0.6029170591208388,4.007901680400396,0.39160942530700527
0.6092842471986286,4.0670943476473616,0.3864717898627126
0.6156514352764189,4.127161230914386,0.3813326006064895
0.6220186233542087,4.188115241490735,0.37619350141477514
0.6283858114319985,4.249969481352412,0.3710560682252863
0.6347529995097887,4.312737245978399,0.3659218103031686
0.6411201875875785,4.376432027208485,0.3607921716470237
0.6474873756653683,4.441067516143342,0.35566853252761554
0.6538545637431581,4.506657606087394,0.3505522111530888
0.6602217518209483,4.5732163955351695,0.3454444654554747
0.6665889398987381,4.640758191201733,0.3403464949940772
0.6729561279765279,4.709297511097922,0.33525944297198684
0.6793233160543182,4.778849087650956,0.330184398362514
0.685690504132108,4.849427870871139,0.325122398142655
0.6920576922098978,4.92104903156537,0.3200744296308758
0.698424880287688,4.9937279645980714,0.31504143292650977
0.7047920683654778,5.067480292200277,0.31002430344784515
0.7111592564432676,5.142321867327639,0.30502389456561896
0.7175264445210574,5.218268777067977,0.300041020328102
0.7238936325988476,5.295337346099187,0.29507645827323703
0.7302608206766374,5.373544140198178,0.2901309523224613
0.7366280087544272,5.452905969801707,0.28520521574984464
0.7429951968322175,5.533439893619729,0.2802999342191029
0.7493623849100073,5.615163222302132,0.27541576887984387
0.7557295729877971,5.6980935221596685,0.27055335951316595
0.7620967610655869,5.782248618939785,0.2657133277154365
0.7684639491433771,5.867646601658254,0.26089628010776855
0.7748311372211669,5.954305826487353,0.2561028115574272
0.7811983252989567,6.042244920701542,0.251333508396132
0.787565513376747,6.13148278668134,0.24658895161905042
0.7939327014545368,6.222038605976355,0.24186972004716328
0.8002998895323266,6.313931843428362,0.2371763934347181
0.8066670776101168,6.407182251355226,0.2325095555026472
0.8130342656879066,6.501809873796614,0.22786979687815542
0.8194014537656964,6.5978350508224715,0.22325771792018936
0.8257686418434862,6.695278422905063,0.21867393141021851
0.8321358299212764,6.794160935355629,0.21411906508768208
0.8385030179990662,6.894503842826518,0.20959376400960675
0.844870206076856,6.996328713879889,0.20509869271428646
0.8512373941546463,7.099657435623816,0.2006345371695464
0.8576045822324361,7.204512218416876,0.19620200648697336
0.8639717703102259,7.3109156006422715,0.19180183438459544
0.8703389583880161,7.418890453552402,0.18743478038183503
0.8767061464658059,7.528459986184985,0.183101630712115
0.8830733345435957,7.639647750351851,0.1788031989402528
0.8894405226213855,7.752477645701337,0.17454032627375948
0.8958077106991758,7.866973924855502,0.17031388155927815
0.9021748987769656,7.983161198623157,0.1661247609577039
0.9085420868547553,8.101064441289973,0.16197388729393256
0.9149092749325456,8.220708995986643,0.15786220907974208
0.9212764630103354,8.34212058013632,0.15379069921089245
0.9276436510881252,8.465325290982607,0.14976035334220242
0.9340108391659154,8.590349611199072,0.14577218794704683
0.9403780272437052,8.717220414581655,0.14182723807038078
0.946745215321495,8.845964971825197,0.13792655478703464
0.9531124033992848,8.976610956385189,0.13407120237960138
0.9594795914770751,9.109186450426183,0.13026225525269342
0.9658467795548649,9.243719950857955,0.1265007946027094
0.9722139676326547,9.380240375460938,0.12278790486443542
0.9785811557104449,9.51877706910203,0.11912466995784282
0.9849483437882347,9.6593598100422,0.1155121693602609
0.9913155318660245,9.80201881633734,0.11195147403071548
0.9976827199438147,9.946784752333562,0.10844364221460692
1.0040499080216045,10.093688735258425,0.1049897151580193
1.0104170960993943,10.242762341909602,0.10159071276182345
1.0167842841771841,10.394037615442217,0.09824762920633853
1.0231514722549744,10.547547072256512,0.09496142857763047
1.0295186603327642,10.703323708987133,0.09173304052658382
1.035885848410554,10.8614010095958,0.08856335599164043
1.0422530364883442,11.021812952568583,0.08545322301560938
1.048620224566134,11.184594018219501,0.08240344268617808
1.0549874126439238,11.34977919610209,0.07941476522872908
1.061354600721714,11.517403992530314,0.07648788627881038
1.0677217887995039,11.687504438210562,0.07362344336010582
1.0740889768772937,11.860117095986467,0.07082201259204608
1.0804561649550835,12.035279068697994,0.06808410564931168
1.0868233530328737,12.213028007156655,0.06541016699340543
1.0931905411106635,12.39340211823846,0.06280057139425956
1.0995577291884533,12.576440173096493,0.060255621757501224
1.1059249172662435,12.762181515494682,0.05777554727056368
1.1122921053440333,12.950666070264644,0.05536050187831379
1.1186592934218231,13.14193435188755,0.053010563096301026
