group,t_prev,t_next,gap_s,kind
S01,6.552,6.88,0.3280000000000003,false_positive
S01,6.88,7.164,0.2839999999999998,false_positive
S01,7.164,7.424,0.2600000000000007,false_positive
S01,7.424,7.696,0.27199999999999935,false_positive
S03,6.336,6.596,0.2599999999999998,false_positive
S05,3.06,5.588,2.528,false_positive
S05,5.588,7.248,1.6600000000000001,false_positive
S05,7.248,9.268,2.0200000000000005,false_positive
S100,6.832,7.356,0.524,false_positive
S11,7.732,7.932,0.20000000000000018,false_positive
S11,7.932,8.808,0.8759999999999994,false_positive
S11,8.808,9.412,0.604000000000001,false_positive
S13,4.096,7.36,3.2640000000000002,false_positive
S14,3.14,3.78,0.6399999999999997,false_positive
S14,3.78,6.132,2.352,false_positive
S18,3.008,11.116,8.108,false_positive
S20,1.912,5.868,3.9560000000000004,false_positive
S20,5.868,6.164,0.2959999999999994,false_positive
S20,6.164,6.372,0.20800000000000018,false_positive
S23,3.344,3.556,0.2120000000000002,false_positive
S23,3.556,3.812,0.2559999999999998,false_positive
S23,3.812,7.004,3.1919999999999997,false_positive
S23,7.004,9.66,2.6560000000000006,false_positive
S23,9.66,10.32,0.6600000000000001,false_positive
S23,10.32,10.484,0.1639999999999997,false_positive
S24,1.52,1.8,0.28,false_positive
S24,1.8,1.924,0.12399999999999989,false_positive
S24,1.924,8.348,6.424000000000001,false_positive
S24,8.348,8.524,0.17599999999999838,false_positive
S26,3.296,6.388,3.092,false_positive
S30,2.672,9.64,6.968,false_positive
S34,2.528,2.764,0.23599999999999977,false_positive
S34,2.764,2.992,0.2280000000000002,false_positive
S34,2.992,3.832,0.8399999999999999,false_positive
S34,3.832,4.596,0.7640000000000002,false_positive
S34,4.596,4.656,0.05999999999999961,false_positive
S34,4.656,5.544,0.8879999999999999,false_positive
S34,5.544,5.716,0.1720000000000006,false_positive
S34,5.716,6.536,0.8199999999999994,false_positive
S34,6.536,10.808,4.272,false_positive
S39,2.224,2.312,0.08799999999999963,false_positive
S39,2.312,2.616,0.30400000000000027,false_positive
S39,2.616,3.888,1.2719999999999998,false_positive
S39,3.888,4.816,0.9279999999999999,false_positive
S39,4.816,5.088,0.27200000000000024,false_positive
S39,5.088,5.428,0.33999999999999986,false_positive
S39,5.428,6.6,1.1719999999999997,false_positive
S39,6.6,8.56,1.9600000000000009,false_positive
S39,8.56,9.088,0.5279999999999987,false_positive
S39,9.088,10.696,1.6080000000000005,false_positive
S44,2.704,6.436,3.7319999999999998,false_positive
S44,6.436,8.96,2.524000000000001,false_positive
S44,8.96,9.232,0.27199999999999847,false_positive
S44,9.232,10.312,1.08,false_positive
S45,2.956,6.248,3.2920000000000003,false_positive
S45,6.248,6.46,0.21199999999999974,false_positive
S45,6.46,6.896,0.43599999999999994,false_positive
S47,4.932,6.4,1.468,false_positive
S49,1.368,9.66,8.292,false_positive
S49,9.66,9.916,0.2560000000000002,false_positive
S51,8.44,8.556,0.11599999999999966,false_positive
S52,2.536,4.384,1.8480000000000003,false_positive
S52,4.384,6.296,1.912,false_positive
S52,6.296,7.188,0.8919999999999995,false_positive
S56,3.308,7.788,4.48,false_positive
S58,1.172,3.348,2.176,false_positive
S58,3.348,3.892,0.544,false_positive
S58,3.892,4.264,0.37200000000000033,false_positive
S58,4.264,9.62,5.355999999999999,false_positive
S61,6.468,10.812,4.343999999999999,false_positive
S61,10.812,11.184,0.3719999999999999,false_positive
S63,6.396,7.016,0.6200000000000001,false_positive
S63,7.016,7.68,0.6639999999999997,false_positive
S65,6.164,10.124,3.960000000000001,false_positive
S66,5.14,9.86,4.72,false_positive
S70,2.352,2.46,0.1080000000000001,false_positive
S71,4.712,4.892,0.1800000000000006,false_positive
S71,4.892,5.276,0.38399999999999945,false_positive
S71,5.276,7.0,1.7240000000000002,false_positive
S71,7.0,8.248,1.2479999999999993,false_positive
S73,6.512,6.76,0.24800000000000022,false_positive
S73,6.76,6.924,0.1640000000000006,false_positive
S73,6.924,8.156,1.2320000000000002,false_positive
S73,8.156,10.016,1.8599999999999994,false_positive
S74,10.668,10.728,0.0600000000000005,false_positive
S75,5.692,8.764,3.071999999999999,false_positive
S75,8.764,8.948,0.18400000000000105,false_positive
S76,1.372,2.716,1.344,false_positive
S76,2.716,4.908,2.192,false_positive
S76,4.908,6.932,2.024,false_positive
S76,6.932,8.592,1.6600000000000001,false_positive
S76,8.592,10.028,1.436,false_positive
S76,10.028,10.156,0.1280000000000001,false_positive
S76,10.156,10.364,0.20800000000000018,false_positive
S78,5.132,6.644,1.5120000000000005,false_positive
S81,4.0,6.804,2.8040000000000003,false_positive
S83,6.492,7.188,0.6959999999999997,false_positive
S84,5.76,5.98,0.22000000000000064,false_positive
S86,1.944,4.156,2.2119999999999997,false_positive
S86,4.156,4.428,0.27200000000000024,false_positive
S86,4.428,5.808,1.38,false_positive
S87,5.908,6.5,0.5919999999999996,false_positive
S87,6.5,7.544,1.0439999999999996,false_positive
S87,7.544,9.3,1.7560000000000011,false_positive
S91,6.264,6.424,0.16000000000000014,false_positive
S93,6.772,7.856,1.0839999999999996,false_positive
S95,6.336,6.596,0.2599999999999998,false_positive
S96,3.08,3.972,0.8919999999999999,false_positive
S96,3.972,4.688,0.7159999999999997,false_positive
S96,4.688,11.96,7.272000000000001,false_positive
S97,6.88,7.012,0.13199999999999967,false_positive
S97,7.012,8.66,1.6480000000000006,false_positive
S02,5.88,5.952,0.07200000000000006,within_ied
S05,6.28,6.344,0.06400000000000006,within_ied
S08,6.068,6.136,0.0680000000000005,within_ied
S08,6.136,6.216,0.08000000000000007,within_ied
S11,6.668,6.768,0.09999999999999964,within_ied
S13,6.16,6.22,0.05999999999999961,within_ied
S16,6.528,6.608,0.08000000000000007,within_ied
S21,6.212,6.284,0.07200000000000006,within_ied
S29,6.476,6.58,0.10400000000000009,within_ied
S33,6.324,6.416,0.09200000000000053,within_ied
S50,6.328,6.408,0.08000000000000007,within_ied
S62,6.496,6.536,0.03999999999999915,within_ied
S62,6.536,6.536,0.0,within_ied
S62,6.536,6.612,0.07600000000000051,within_ied
S69,6.632,6.708,0.07600000000000051,within_ied
S69,6.708,6.732,0.02400000000000002,within_ied
S76,6.62,6.712,0.09199999999999964,within_ied
S82,2.324,2.42,0.09600000000000009,within_ied
